Sequence	Number	wellID
CGTCTAAT	001	A1
AGACTCGT	002	A2
GCACGTCA	003	A3
TCAACGAC	004	A4
ATTTAGCG	005	A5
ATACAGAC	006	A6
TGCGTAGG	007	A7
TGGAGCTC	008	A8
TGAATACC	009	A9
TCTCACAC	010	A10
TACTGGTA	011	A11
ACGATAGG	012	A12
GATGTCGA	013	A13
TTACGGGT	014	A14
CACAGCAT	015	A15
CTTTGACA	016	A16
CCTTCAAG	017	A17
GAGTCCTG	018	A18
CACACTGA	019	A19
GTTACAGG	020	A20
GGACCTTT	021	A21
TTCCGTTC	022	A22
ACTGTTTG	023	A23
AAGTGGCT	024	A24
CTGTACAA	025	B1
CGCAAAGT	026	B2
GTGCATGA	027	B3
GTCATTAG	028	B4
AGCTCCTT	029	B5
TCACCCGA	030	B6
GTTGCCAC	031	B7
TGTACCAA	032	B8
AACGAGGT	033	B9
AGCCACCA	034	B10
GGTAATCA	035	B11
CCAGTCCA	036	B12
ACCTCAGC	037	B13
GGTGGACT	038	B14
GACAAACC	039	B15
TAACTCCG	040	B16
ACACCGTG	041	B17
GTAGAACG	042	B18
GGATTGAC	043	B19
ACGTATCC	044	B20
TTCGGAAA	045	B21
AGTTGTGT	046	B22
AAGCACAT	047	B23
CTGTCATT	048	B24
GTCCTATA	049	C1
CTACGCTG	050	C2
GGGATTGT	051	C3
TGATGTAG	052	C4
TTCGCTGT	053	C5
GAAGACTT	054	C6
TCTGGGCA	055	C7
CAACTAGA	056	C8
CCATGGGA	057	C9
ATGCGACG	058	C10
GAGGGTAG	059	C11
CGGGTGAA	060	C12
GCCATCTT	061	C13
GCATAATC	062	C14
TCTATGGT	063	C15
AGGACTTA	064	C16
CGTGATTC	065	C17
ACTAGCGA	066	C18
GTAACTCC	067	C19
CGGAAGTG	068	C20
CCGAGTAC	069	C21
GACGCAAT	070	C22
ACCTGGAG	071	C23
CATGGGTT	072	C24
ATTCCTAG	073	D1
AATCATGC	074	D2
GCTTCCCT	075	D3
AGGTAAAG	076	D4
CCACAACT	077	D5
ACAGGCAT	078	D6
TTTGTGTC	079	D7
TGAGCATA	080	D8
TTAGACGC	081	D9
CGCTTGCT	082	D10
AGTCTGCC	083	D11
CATAGTCG	084	D12
TCTTGCTG	085	D13
GGGACAAC	086	D14
ATATTCCC	087	D15
TGTTAAGC	088	D16
TACGCCTC	089	D17
CACTTATC	090	D18
ACCGCTAA	091	D19
TAAGGTCC	092	D20
GAAAGGTG	093	D21
ACGTTGTA	094	D22
GCAGAGAA	095	D23
GCATTTGG	096	D24
TAGTGTGC	097	E1
TACAAGGG	098	E2
GGACTACT	099	E3
TCCCTAGA	100	E4
ATGAGCAG	101	E5
TACTGCTG	102	E6
CTGACTGT	103	E7
CAGCGATT	104	E8
GTTCGCTA	105	E9
CATCTCAC	106	E10
TCTGCCTA	107	E11
CTGGCTAA	108	E12
GATTGCTC	109	E13
GGGTTATG	110	E14
CTTCGTAC	111	E15
GAAACTGC	112	E16
TACCAGAC	113	E17
TTGCAACC	114	E18
TTAGGACG	115	E19
TATCCACG	116	E20
TCTAGAGG	117	E21
CAGATCGT	118	E22
ATGTGCGT	119	E23
AAGTCTCG	120	E24
CTAGCAAC	121	F1
TTCCTACC	122	F2
TCCTAGCT	123	F3
GGTTCTGA	124	F4
ACGTACTG	125	F5
GTGAACTC	126	F6
GGCGATTT	127	F7
AATCGGCA	128	F8
GCGTATAG	129	F9
CCGATTCT	130	F10
CTATAGGC	131	F11
CTTGTGCA	132	F12
CAGTGACA	133	F13
ACGCTCTT	134	F14
ATAGGAGC	135	F15
GTTCTGCT	136	F16
TAGACGCT	137	F17
CGTATCAG	138	F18
TTGTTCCG	139	F19
TAGGTCAC	140	F20
ATACACGG	141	F21
CGAGAATG	142	F22
CGCTATAG	143	F23
GTATCGCT	144	F24
CGGTGTTT	145	G1
CAAGGTGT	146	G2
AGAACCAC	147	G3
AAGCTGCA	148	G4
ACGGATGT	149	G5
AGTGGGAT	150	G6
AGGGACAA	151	G7
GTGTAACC	152	G8
CAAGAGAC	153	G9
GTCCGTAA	154	G10
TGGTTGTC	155	G11
AGGCATCT	156	G12
GTCTACCT	157	G13
GTTCAGTG	158	G14
GCCACAAA	159	G15
GAGAACGA	160	G16
GCTGTAAC	161	G17
TCAGCTTG	162	G18
TTCCCTCA	163	G19
TCGACTCA	164	G20
GTGATGTC	165	G21
ATCGGTTG	166	G22
CCATTTCC	167	G23
CTGAAGGA	168	G24
GAGTCTGT	169	H1
TCGCCATT	170	H2
CGGTAATC	171	H3
CCTGACAA	172	H4
AAGACAGC	173	H5
TGCGGTAT	174	H6
TATCTCGC	175	H7
TTCACGTG	176	H8
CCCCTATT	177	H9
TATCCTGC	178	H10
CCTTCGTA	179	H11
CAAAGTGG	180	H12
GTCTCACA	181	H13
CAGATACC	182	H14
CCTACACA	183	H15
AGCAGAAC	184	H16
TTTGAGGG	185	H17
AAACAGGC	186	H18
TGATCCTC	187	H19
GAGAAGAG	188	H20
CGTAATCG	189	H21
CGAATGCA	190	H22
TGAAAGCG	191	H23
CGTAGAAG	192	H24
CCAGAAAG	193	I1
CTTACGAC	194	I2
CCGCATTT	195	I3
ACGATCCT	196	I4
AGGATGGA	197	I5
TCGGTTGA	198	I6
TCTGTGAG	199	I7
ACCACGAT	200	I8
GGCTCTAT	201	I9
TACTGCAC	202	I10
CATGTCAC	203	I11
AAGGAGCA	204	I12
AACCGCTT	205	I13
CAACCATG	206	I14
AGAACAGG	207	I15
TAAGCCGT	208	I16
GATGCTCT	209	I17
CTAGTTCC	210	I18
GATCACCT	211	I19
GATCGAAG	212	I20
GCTTCTTC	213	I21
TGGTGAGT	214	I22
CACTATCC	215	I23
GTAATCCG	216	I24
CAGATAGC	217	J1
CCGTCTAA	218	J2
TACCTGTC	219	J3
TATTCGGG	220	J4
GTTGGTGA	221	J5
TAGCTACC	222	J6
GACTTGAG	223	J7
TTCAGCGT	224	J8
ACAGAAGC	225	J9
ACGCGTAA	226	J10
CATAGCTC	227	J11
ACCCATCT	228	J12
GCAATCGA	229	J13
TCCAATCG	230	J14
TTCTCGGA	231	J15
TATGACCC	232	J16
TTCAGACC	233	J17
GAGAGAGA	234	J18
ATGCTCTG	235	J19
TGACCAAG	236	J20
GAGCAAAC	237	J21
GTCGATCT	238	J22
CTCTTTGC	239	J23
AAGGTCAG	240	J24
ATGCCTCA	241	K1
TCCGAACA	242	K2
CTGCGAAA	243	K3
TGGGTTTC	244	K4
CAGTCCAT	245	K5
CGACTTAC	246	K6
TCGGAATC	247	K7
CAGCTTTG	248	K8
TGGTAGCT	249	K9
TTATCCGG	250	K10
GCATCAGT	251	K11
CAATACGC	252	K12
TAGGGGAA	253	K13
GCTTTGGA	254	K14
TCAGCACT	255	K15
TGCGTGAT	256	K16
GTAGTGAG	257	K17
GTGGTGTA	258	K18
TCATGAGG	259	K19
TCCAGCTA	260	K20
GGATGATG	261	K21
AGCACTCT	262	K22
AAGCGAGT	263	K23
TGATCTCC	264	K24
ACAGAGCT	265	L1
ATAGCTGC	266	L2
TGATTCGC	267	L3
ATCGTGCA	268	L4
AGTCAGGA	269	L5
TTTTCGCC	270	L6
AGGAGACT	271	L7
GTTCCGAT	272	L8
TCGCGATA	273	L9
GGACGAAT	274	L10
TCGACAAG	275	L11
GAACAGCA	276	L12
GTCCAAAG	277	L13
CTGCTTCT	278	L14
ACCCTACA	279	L15
TCGTCCTT	280	L16
GCTAATGG	281	L17
GGAGTACA	282	L18
CGGTACTT	283	L19
AACACGCA	284	L20
GCAAGAAG	285	L21
CATGCACA	286	L22
GTTCTTGC	287	L23
AGCGAACT	288	L24
GTGTTCAG	289	M1
TCTCGTCT	290	M2
TACGGTGA	291	M3
GATGTACC	292	M4
TACCACGA	293	M5
TCTGGTTC	294	M6
CCTCTCAA	295	M7
GTATGCAC	296	M8
GGAGCTAA	297	M9
ACCCCATT	298	M10
AGTTCTCG	299	M11
ACCAAGGA	300	M12
GTGCGTAT	301	M13
AGTACGTG	302	M14
AGAGGTGA	303	M15
GGGAAGAT	304	M16
CCAACGTT	305	M17
GGGGATTT	306	M18
GGCAACAA	307	M19
CAGTCAGA	308	M20
CGAAAGCT	309	M21
AATGGTGG	310	M22
TGGCACAA	311	M23
ATGGGCTT	312	M24
TGATCGGT	313	N1
CTGATCAC	314	N2
CTCGTACT	315	N3
CTACCGTA	316	N4
TTGTCCAC	317	N5
ATTGGACC	318	N6
TGAAAGGC	319	N7
ACATGTGC	320	N8
CGATCCTA	321	N9
ATGGCACT	322	N10
TAGAGGGT	323	N11
GTATCGTC	324	N12
CACCATGT	325	N13
TAGGAACG	326	N14
TGATGCCA	327	N15
GAGTTGGT	328	N16
TGAGAGAG	329	N17
CCTGTAGA	330	N18
GGTGTTAG	331	N19
GTCTTACC	332	N20
AGACAACC	333	N21
TGGCTTCA	334	N22
AGCTTCAC	335	N23
CAGTGTCA	336	N24
GTTATGCC	337	O1
CGAACTGT	338	O2
GATCCTGA	339	O3
CCAGATGA	340	O4
AACCTGCT	341	O5
TATGGAGC	342	O6
CACTCACT	343	O7
GGGTAAGA	344	O8
CAAACGAG	345	O9
AAAGGCTG	346	O10
ACAAGGCA	347	O11
AGTTTCGG	348	O12
ACCAGTTC	349	O13
AATAGGGC	350	O14
AACCCAAC	351	O15
CGCATAAC	352	O16
GTGCTAGT	353	O17
GGTGACTA	354	O18
GGTTAGTG	355	O19
CGAAGCAA	356	O20
CCGAGATT	357	O21
CTCTGCTA	358	O22
TAGTTGCG	359	O23
AGGCTAAC	360	O24
ACAAACCG	361	P1
ATCGACGA	362	P2
CTCATGTC	363	P3
CCCTAGTA	364	P4
CCTTTGAC	365	P5
TGTGGCTT	366	P6
GCGATATC	367	P7
ACGAACAC	368	P8
TTGATGGC	369	P9
AACATGGG	370	P10
CTTAGCCT	371	P11
AAAGCGGA	372	P12
CAATGGTC	373	P13
AACCGGAA	374	P14
AACTCTGG	375	P15
TTAGGCAG	376	P16
CGTCGTTT	377	P17
CCTGCTAT	378	P18
CAGAGAAG	379	P19
GATTGTCC	380	P20
CACCTCTA	381	P21
AGTTGGAC	382	P22
AGTGCAGA	383	P23
CTCTGTCT	384	P24
